risk_category,count,avg_age,avg_health_risk,avg_financial_risk,avg_driving_risk,avg_property_risk,avg_overall_risk
Minimal Risk,38,25.710526315789473,12.657108978072687,16.595852779410368,27.84444419757638,6.181578947368421,16.664236418744274
Low Risk,841,37.083234244946496,26.06543613652327,27.951883122728876,50.522154244267725,25.017717003567178,32.588391889377654
Moderate Risk,1009,45.81962338949455,41.014734568362336,41.27234402906436,71.3751389736302,37.90545094152626,48.21572596386449
High Risk,111,52.13513513513514,61.258304230154906,60.45568469525983,84.73220233800787,45.61891891891892,64.54008509996423
Very High Risk,1,54,92.8880684439456,74.47464071820845,100,45.6,82.04881274864621
